<?xml version="1.0" encoding="UTF-8"?>
<jcr:root xmlns:dam="http://www.day.com/dam/1.0" xmlns:cq="http://www.day.com/jcr/cq/1.0" xmlns:jcr="http://www.jcp.org/jcr/1.0" xmlns:mix="http://www.jcp.org/jcr/mix/1.0" xmlns:nt="http://www.jcp.org/jcr/nt/1.0"
    jcr:isCheckedOut="{Boolean}true"
    jcr:mixinTypes="[mix:referenceable,mix:versionable]"
    jcr:primaryType="dam:Asset"
    jcr:uuid="cf03111a-2b02-4c8d-bc7a-0861791565ea">
    <jcr:content
        cq:name="product-two"
        cq:parentPath="/content/dam/wknd/en/site/content-fragments"
        jcr:description="Product Two Description"
        jcr:lastModified="{Date}2024-12-13T18:54:40.023+05:30"
        jcr:lastModifiedBy="admin"
        jcr:primaryType="dam:AssetContent"
        jcr:title="Product Two"
        contentFragment="{Boolean}true"
        lastFragmentSave="{Date}2024-12-13T18:54:40.023+05:30">
        <data
            cq:model="/conf/wknd/settings/dam/cfm/models/product-cf-model"
            jcr:primaryType="nt:unstructured"
            _strucVersion="{Long}1">
            <master
                jcr:mixinTypes="[cq:Taggable,dam:cfVariationNode]"
                jcr:primaryType="nt:unstructured"
                expiryDate="{Date}2025-01-31T18:46:00.000+05:30"
                expiryDate_x0040_LastModified="{Date}2024-12-13T18:53:45.752+05:30"
                productCategory="Category Two"
                productCategory_x0040_LastModified="{Date}2024-12-13T18:53:45.751+05:30"
                productDescription="&lt;p>Product Two Description&lt;/p>&#xa;"
                productDescription_x0040_ContentType="text/html"
                productDescription_x0040_LastModified="{Date}2024-12-13T18:53:45.751+05:30"
                productName="Product Two"
                productName_x0040_LastModified="{Date}2024-12-13T18:53:45.750+05:30"
                status="active"
                status_x0040_LastModified="{Date}2024-12-13T18:53:45.751+05:30"/>
            <product_2_1
                jcr:mixinTypes="[cq:Taggable,dam:cfVariationNode]"
                jcr:primaryType="nt:unstructured"
                _x0040_variationCreationDate="{Date}2024-12-13T18:54:21.019+05:30"
                expiryDate="{Date}2025-01-31T18:46:00.000+05:30"
                expiryDate_x0040_LastModified="{Date}2024-12-13T18:54:40.008+05:30"
                productCategory="Category Two"
                productCategory_x0040_LastModified="{Date}2024-12-13T18:54:21.021+05:30"
                productDescription="&lt;p>Product Two One Description&lt;/p>&#xa;"
                productDescription_x0040_ContentType="text/html"
                productDescription_x0040_LastModified="{Date}2024-12-13T18:54:40.008+05:30"
                productName="Product Two One"
                productName_x0040_LastModified="{Date}2024-12-13T18:54:40.008+05:30"
                status="active"
                status_x0040_LastModified="{Date}2024-12-13T18:54:21.021+05:30"/>
        </data>
        <indexedData jcr:primaryType="nt:unstructured">
            <master
                jcr:mixinTypes="[dam:IndexedFragmentData]"
                jcr:primaryType="nt:unstructured"
                jcr:uuid="96a55b84-ff80-4f83-ba1f-1fd25e282dfc"
                _x0040_string_x0040_model="/conf/wknd/settings/dam/cfm/models/product-cf-model"
                _x0040_stringArray_x0040_variations="[product_2_1]"
                calendar_x0040_expiryDate="{Date}2025-01-31T18:46:00.000+05:30"
                string_x0040_productCategory="Category Two"
                string_x0040_productDescription="&lt;p>Product Two Description&lt;/p>&#xa;"
                string_x0040_productName="Product Two"
                string_x0040_status="active"/>
            <product_2_1
                jcr:mixinTypes="[dam:IndexedFragmentData]"
                jcr:primaryType="nt:unstructured"
                jcr:uuid="e69bbcac-b89d-4ff3-ab6f-a235c2bf91b3"
                _x0040_string_x0040_model="/conf/wknd/settings/dam/cfm/models/product-cf-model"
                calendar_x0040_expiryDate="{Date}2025-01-31T18:46:00.000+05:30"
                string_x0040_productCategory="Category Two"
                string_x0040_productDescription="&lt;p>Product Two One Description&lt;/p>&#xa;"
                string_x0040_productName="Product Two One"
                string_x0040_status="active"/>
        </indexedData>
        <metadata
            jcr:mixinTypes="[cq:Taggable]"
            jcr:primaryType="nt:unstructured">
            <dam:cfVariations jcr:primaryType="nt:unstructured">
                <product_2_1
                    jcr:mixinTypes="[cq:Taggable]"
                    jcr:primaryType="nt:unstructured"/>
            </dam:cfVariations>
        </metadata>
        <model jcr:primaryType="nt:unstructured">
            <variations jcr:primaryType="nt:unstructured">
                <product_2_1
                    jcr:description="Product 2.1 Description"
                    jcr:mixinTypes="[cq:Taggable]"
                    jcr:primaryType="nt:unstructured"
                    jcr:title="Product 2.1"
                    name="product_2_1">
                    <properties
                        jcr:primaryType="nt:unstructured"
                        synchronizeWithVersion="[productName:554f9b2e-cd5e-4442-9ae9-2f63c012c2c3,productDescription:554f9b2e-cd5e-4442-9ae9-2f63c012c2c3,status:554f9b2e-cd5e-4442-9ae9-2f63c012c2c3,productCategory:554f9b2e-cd5e-4442-9ae9-2f63c012c2c3,expiryDate:554f9b2e-cd5e-4442-9ae9-2f63c012c2c3]"/>
                </product_2_1>
            </variations>
        </model>
        <related jcr:primaryType="nt:unstructured"/>
    </jcr:content>
</jcr:root>
